metric,runs,samples,avg_ns,run_std_ns,min_ns,max_ns
sched,3,24,942507.5416666666,156353.4924998124,793020,1444225
notify,3,24,913054.9583333334,262884.11755456234,715458,1599727
